,keywords,number_of_times_word_appeared,tf,idf,tf_idf
242,in,291,0.016177451634422947,-5.673323267171493,-0.0917799127611132
184,he,184,0.010229041583277742,-5.214935757608986,-0.05334379471870433
899,on,177,0.009839893262174782,-5.176149732573829,-0.05093276087756102
401,an,150,0.008338892595063376,-5.0106352940962555,-0.04178314955050247
23,to,147,0.008172114743162108,-4.990432586778736,-0.040782387717171124
781,the,134,0.007449410718256616,-4.897839799950911,-0.03648602030205816
673,at,129,0.007171447631754503,-4.859812404361672,-0.03485189015803067
345,it,127,0.007060262397153658,-4.844187086458591,-0.03420123193130093
502,or,109,0.006059595285746053,-4.6913478822291435,-0.028427669510950444
373,is,101,0.005614854347342673,-4.61512051684126,-0.02591322949749651
487,of,87,0.004836557705136758,-4.465908118654584,-0.02159962232171163
501,as,84,0.004669779853235491,-4.430816798843313,-0.020690939020615876
408,ve,77,0.0042806315321325325,-4.343805421853684,-0.018594230458235137
918,and,50,0.002779630865021125,-3.912023005428146,-0.010873979890560779
517,com,50,0.002779630865021125,-3.912023005428146,-0.010873979890560779
895,block,49,0.0027240382477207027,-3.891820298110627,-0.010601467345309135
297,chain,48,0.00266844563042028,-3.871201010907891,-0.010330089422035733
628,us,46,0.0025572603958194354,-3.828641396489095,-0.00979083301303638
716,be,42,0.0023348899266177454,-3.7376696182833684,-0.00872704714075503
278,ter,39,0.0021681120747164776,-3.6635616461296463,-0.00794301224144186
485,coin,37,0.0020569268401156326,-3.6109179126442243,-0.007427393971972221
714,no,36,0.0020013342228152103,-3.58351893845611,-0.007171819089638647
235,for,35,0.0019457416055147876,-3.5553480614894135,-0.0069177886453263
863,are,35,0.0019457416055147876,-3.5553480614894135,-0.0069177886453263
149,http,32,0.00177896375361352,-3.4657359027997265,-0.006165418550677744
764,that,31,0.0017233711363130975,-3.4339872044851463,-0.005918034430678204
608,https,31,0.0017233711363130975,-3.4339872044851463,-0.005918034430678204
165,all,31,0.0017233711363130975,-3.4339872044851463,-0.005918034430678204
881,her,30,0.001667778519012675,-3.4011973816621555,-0.005672443932058298
30,if,30,0.001667778519012675,-3.4011973816621555,-0.005672443932058298
937,transaction,28,0.00155659328441183,-3.332204510175204,-0.005186887162825534
829,The,27,0.0015010006671114075,-3.295836866004329,-0.004947053334562869
305,IN,27,0.0015010006671114075,-3.295836866004329,-0.004947053334562869
602,blockchain,25,0.0013898154325105625,-3.2188758248682006,-0.004473643296736992
260,has,23,0.0012786301979097177,-3.1354942159291497,-0.004009137589858264
883,crypto,22,0.0012230375806092952,-3.0910424533583156,-0.0037804610837159744
885,value,21,0.0011674449633088727,-3.044522437723423,-0.003554312385601061
756,dam,21,0.0011674449633088727,-3.044522437723423,-0.003554312385601061
467,Blockchain,20,0.0011118523460084502,-2.995732273553991,-0.003330811956364233
897,TO,20,0.0011118523460084502,-2.995732273553991,-0.003330811956364233
725,but,19,0.0010562597287080277,-2.9444389791664407,-0.0031100923173316866
323,ves,19,0.0010562597287080277,-2.9444389791664407,-0.0031100923173316866
746,To,18,0.0010006671114076052,-2.890371757896165,-0.002892299957868077
601,No,18,0.0010006671114076052,-2.890371757896165,-0.002892299957868077
113,www,18,0.0010006671114076052,-2.890371757896165,-0.002892299957868077
237,Bitcoin,18,0.0010006671114076052,-2.890371757896165,-0.002892299957868077
246,work,18,0.0010006671114076052,-2.890371757896165,-0.002892299957868077
301,so,17,0.0009450744941071825,-2.833213344056216,-0.0026775976678316475
252,hash,17,0.0009450744941071825,-2.833213344056216,-0.0026775976678316475
214,transactions,16,0.00088948187680676,-2.772588722239781,-0.002466167420271097
317,Be,16,0.00088948187680676,-2.772588722239781,-0.002466167420271097
394,Not,16,0.00088948187680676,-2.772588722239781,-0.002466167420271097
634,Confidential,15,0.0008338892595063375,-2.70805020110221,-0.0022582139769031103
658,WEEK,15,0.0008338892595063375,-2.70805020110221,-0.0022582139769031103
96,Amesite,15,0.0008338892595063375,-2.70805020110221,-0.0022582139769031103
908,Fundamentals,15,0.0008338892595063375,-2.70805020110221,-0.0022582139769031103
225,Distributed,15,0.0008338892595063375,-2.70805020110221,-0.0022582139769031103
294,we,15,0.0008338892595063375,-2.70805020110221,-0.0022582139769031103
371,net,14,0.000778296642205915,-2.639057329615259,-0.002053969458228465
441,set,14,0.000778296642205915,-2.639057329615259,-0.002053969458228465
161,use,14,0.000778296642205915,-2.639057329615259,-0.002053969458228465
821,per,14,0.000778296642205915,-2.639057329615259,-0.002053969458228465
356,who,14,0.000778296642205915,-2.639057329615259,-0.002053969458228465
935,bitcoin,12,0.00066711140760507,-2.4849066497880004,-0.0016577095729072716
178,one,12,0.00066711140760507,-2.4849066497880004,-0.0016577095729072716
370,term,12,0.00066711140760507,-2.4849066497880004,-0.0016577095729072716
912,asset,12,0.00066711140760507,-2.4849066497880004,-0.0016577095729072716
36,with,12,0.00066711140760507,-2.4849066497880004,-0.0016577095729072716
806,valid,11,0.0006115187903046476,-2.3978952727983707,-0.0014663580164988926
471,OR,11,0.0006115187903046476,-2.3978952727983707,-0.0014663580164988926
533,can,11,0.0006115187903046476,-2.3978952727983707,-0.0014663580164988926
653,BLOCK,10,0.0005559261730042251,-2.3025850929940455,-0.0012800673187647574
733,AND,10,0.0005559261730042251,-2.3025850929940455,-0.0012800673187647574
346,able,10,0.0005559261730042251,-2.3025850929940455,-0.0012800673187647574
130,part,10,0.0005559261730042251,-2.3025850929940455,-0.0012800673187647574
552,by,10,0.0005559261730042251,-2.3025850929940455,-0.0012800673187647574
582,top,10,0.0005559261730042251,-2.3025850929940455,-0.0012800673187647574
901,data,10,0.0005559261730042251,-2.3025850929940455,-0.0012800673187647574
662,network,10,0.0005559261730042251,-2.3025850929940455,-0.0012800673187647574
664,In,9,0.0005003335557038026,-2.1972245773362196,-0.0010993451854584154
530,miner,9,0.0005003335557038026,-2.1972245773362196,-0.0010993451854584154
666,sets,9,0.0005003335557038026,-2.1972245773362196,-0.0010993451854584154
721,topedia,9,0.0005003335557038026,-2.1972245773362196,-0.0010993451854584154
177,form,9,0.0005003335557038026,-2.1972245773362196,-0.0010993451854584154
156,out,9,0.0005003335557038026,-2.1972245773362196,-0.0010993451854584154
697,over,9,0.0005003335557038026,-2.1972245773362196,-0.0010993451854584154
702,Source,9,0.0005003335557038026,-2.1972245773362196,-0.0010993451854584154
210,peer,9,0.0005003335557038026,-2.1972245773362196,-0.0010993451854584154
385,store,9,0.0005003335557038026,-2.1972245773362196,-0.0010993451854584154
871,token,8,0.00044474093840338,-2.0794415416798357,-0.0009248127826016614
397,system,8,0.00044474093840338,-2.0794415416798357,-0.0009248127826016614
683,have,8,0.00044474093840338,-2.0794415416798357,-0.0009248127826016614
705,currency,8,0.00044474093840338,-2.0794415416798357,-0.0009248127826016614
525,ever,8,0.00044474093840338,-2.0794415416798357,-0.0009248127826016614
452,asp,8,0.00044474093840338,-2.0794415416798357,-0.0009248127826016614
275,Sources,8,0.00044474093840338,-2.0794415416798357,-0.0009248127826016614
669,first,8,0.00044474093840338,-2.0794415416798357,-0.0009248127826016614
286,assets,8,0.00044474093840338,-2.0794415416798357,-0.0009248127826016614
795,terms,8,0.00044474093840338,-2.0794415416798357,-0.0009248127826016614
404,number,7,0.0003891483211029575,-1.9459101490553135,-0.000757247667522081
498,tokens,7,0.0003891483211029575,-1.9459101490553135,-0.000757247667522081
454,CRYPTOCURRENCIES,7,0.0003891483211029575,-1.9459101490553135,-0.000757247667522081
925,computer,7,0.0003891483211029575,-1.9459101490553135,-0.000757247667522081
691,investopedia,7,0.0003891483211029575,-1.9459101490553135,-0.000757247667522081
930,ft,7,0.0003891483211029575,-1.9459101490553135,-0.000757247667522081
896,process,7,0.0003891483211029575,-1.9459101490553135,-0.000757247667522081
243,not,7,0.0003891483211029575,-1.9459101490553135,-0.000757247667522081
9,mining,7,0.0003891483211029575,-1.9459101490553135,-0.000757247667522081
216,org,7,0.0003891483211029575,-1.9459101490553135,-0.000757247667522081
434,create,7,0.0003891483211029575,-1.9459101490553135,-0.000757247667522081
849,there,7,0.0003891483211029575,-1.9459101490553135,-0.000757247667522081
554,tech,7,0.0003891483211029575,-1.9459101490553135,-0.000757247667522081
884,now,6,0.000333555703802535,-1.791759469228055,-0.0005976515908032204
444,do,6,0.000333555703802535,-1.791759469228055,-0.0005976515908032204
682,pdf,6,0.000333555703802535,-1.791759469228055,-0.0005976515908032204
433,their,6,0.000333555703802535,-1.791759469228055,-0.0005976515908032204
92,nonce,6,0.000333555703802535,-1.791759469228055,-0.0005976515908032204
580,proof,6,0.000333555703802535,-1.791759469228055,-0.0005976515908032204
801,gold,6,0.000333555703802535,-1.791759469228055,-0.0005976515908032204
900,new,6,0.000333555703802535,-1.791759469228055,-0.0005976515908032204
284,CHAIN,6,0.000333555703802535,-1.791759469228055,-0.0005976515908032204
549,man,6,0.000333555703802535,-1.791759469228055,-0.0005976515908032204
181,own,6,0.000333555703802535,-1.791759469228055,-0.0005976515908032204
790,other,6,0.000333555703802535,-1.791759469228055,-0.0005976515908032204
290,APPENDIX,6,0.000333555703802535,-1.791759469228055,-0.0005976515908032204
98,digital,6,0.000333555703802535,-1.791759469228055,-0.0005976515908032204
772,must,6,0.000333555703802535,-1.791759469228055,-0.0005976515908032204
26,math,6,0.000333555703802535,-1.791759469228055,-0.0005976515908032204
372,into,6,0.000333555703802535,-1.791759469228055,-0.0005976515908032204
212,cryptocurrency,6,0.000333555703802535,-1.791759469228055,-0.0005976515908032204
480,its,6,0.000333555703802535,-1.791759469228055,-0.0005976515908032204
145,THE,5,0.00027796308650211254,-1.6094379124341003,-0.00044736432967369926
425,called,5,0.00027796308650211254,-1.6094379124341003,-0.00044736432967369926
420,time,5,0.00027796308650211254,-1.6094379124341003,-0.00044736432967369926
809,them,5,0.00027796308650211254,-1.6094379124341003,-0.00044736432967369926
706,order,5,0.00027796308650211254,-1.6094379124341003,-0.00044736432967369926
584,NEW,5,0.00027796308650211254,-1.6094379124341003,-0.00044736432967369926
194,would,5,0.00027796308650211254,-1.6094379124341003,-0.00044736432967369926
703,place,5,0.00027796308650211254,-1.6094379124341003,-0.00044736432967369926
698,conditions,5,0.00027796308650211254,-1.6094379124341003,-0.00044736432967369926
347,which,5,0.00027796308650211254,-1.6094379124341003,-0.00044736432967369926
591,rest,5,0.00027796308650211254,-1.6094379124341003,-0.00044736432967369926
154,solve,5,0.00027796308650211254,-1.6094379124341003,-0.00044736432967369926
375,code,5,0.00027796308650211254,-1.6094379124341003,-0.00044736432967369926
292,BLOCKCHAIN,5,0.00027796308650211254,-1.6094379124341003,-0.00044736432967369926
262,reward,5,0.00027796308650211254,-1.6094379124341003,-0.00044736432967369926
142,Alice,5,0.00027796308650211254,-1.6094379124341003,-0.00044736432967369926
265,were,5,0.00027796308650211254,-1.6094379124341003,-0.00044736432967369926
259,systems,5,0.00027796308650211254,-1.6094379124341003,-0.00044736432967369926
832,MINING,5,0.00027796308650211254,-1.6094379124341003,-0.00044736432967369926
482,cryptocurrencies,5,0.00027796308650211254,-1.6094379124341003,-0.00044736432967369926
304,OF,5,0.00027796308650211254,-1.6094379124341003,-0.00044736432967369926
857,such,5,0.00027796308650211254,-1.6094379124341003,-0.00044736432967369926
493,IS,5,0.00027796308650211254,-1.6094379124341003,-0.00044736432967369926
256,target,5,0.00027796308650211254,-1.6094379124341003,-0.00044736432967369926
447,will,5,0.00027796308650211254,-1.6094379124341003,-0.00044736432967369926
269,business,4,0.00022237046920169,-1.3862943611198906,-0.0003082709275338871
20,blocks,4,0.00022237046920169,-1.3862943611198906,-0.0003082709275338871
389,fundamental,4,0.00022237046920169,-1.3862943611198906,-0.0003082709275338871
303,these,4,0.00022237046920169,-1.3862943611198906,-0.0003082709275338871
865,could,4,0.00022237046920169,-1.3862943611198906,-0.0003082709275338871
654,met,4,0.00022237046920169,-1.3862943611198906,-0.0003082709275338871
818,contract,4,0.00022237046920169,-1.3862943611198906,-0.0003082709275338871
220,information,4,0.00022237046920169,-1.3862943611198906,-0.0003082709275338871
383,encryption,4,0.00022237046920169,-1.3862943611198906,-0.0003082709275338871
645,mathematical,4,0.00022237046920169,-1.3862943611198906,-0.0003082709275338871
211,Cypherpunk,4,0.00022237046920169,-1.3862943611198906,-0.0003082709275338871
613,less,4,0.00022237046920169,-1.3862943611198906,-0.0003082709275338871
101,kpmg,4,0.00022237046920169,-1.3862943611198906,-0.0003082709275338871
202,truth,4,0.00022237046920169,-1.3862943611198906,-0.0003082709275338871
100,require,4,0.00022237046920169,-1.3862943611198906,-0.0003082709275338871
489,TRANSACTION,4,0.00022237046920169,-1.3862943611198906,-0.0003082709275338871
655,any,4,0.00022237046920169,-1.3862943611198906,-0.0003082709275338871
905,money,4,0.00022237046920169,-1.3862943611198906,-0.0003082709275338871
710,input,4,0.00022237046920169,-1.3862943611198906,-0.0003082709275338871
93,PEER,4,0.00022237046920169,-1.3862943611198906,-0.0003082709275338871
523,ledger,4,0.00022237046920169,-1.3862943611198906,-0.0003082709275338871
249,than,4,0.00022237046920169,-1.3862943611198906,-0.0003082709275338871
164,pay,4,0.00022237046920169,-1.3862943611198906,-0.0003082709275338871
843,rely,4,0.00022237046920169,-1.3862943611198906,-0.0003082709275338871
874,used,4,0.00022237046920169,-1.3862943611198906,-0.0003082709275338871
427,they,4,0.00022237046920169,-1.3862943611198906,-0.0003082709275338871
687,capital,4,0.00022237046920169,-1.3862943611198906,-0.0003082709275338871
296,verification,4,0.00022237046920169,-1.3862943611198906,-0.0003082709275338871
742,users,4,0.00022237046920169,-1.3862943611198906,-0.0003082709275338871
47,STORAGE,4,0.00022237046920169,-1.3862943611198906,-0.0003082709275338871
541,paid,3,0.0001667778519012675,-1.0986122886681098,-0.00018322419757640254
459,about,3,0.0001667778519012675,-1.0986122886681098,-0.00018322419757640254
432,Bob,3,0.0001667778519012675,-1.0986122886681098,-0.00018322419757640254
551,because,3,0.0001667778519012675,-1.0986122886681098,-0.00018322419757640254
538,history,3,0.0001667778519012675,-1.0986122886681098,-0.00018322419757640254
464,known,3,0.0001667778519012675,-1.0986122886681098,-0.00018322419757640254
367,certain,3,0.0001667778519012675,-1.0986122886681098,-0.00018322419757640254
581,mean,3,0.0001667778519012675,-1.0986122886681098,-0.00018322419757640254
254,only,3,0.0001667778519012675,-1.0986122886681098,-0.00018322419757640254
579,sure,3,0.0001667778519012675,-1.0986122886681098,-0.00018322419757640254
412,this,3,0.0001667778519012675,-1.0986122886681098,-0.00018322419757640254
388,challenge,3,0.0001667778519012675,-1.0986122886681098,-0.00018322419757640254
597,cash,3,0.0001667778519012675,-1.0986122886681098,-0.00018322419757640254
410,It,3,0.0001667778519012675,-1.0986122886681098,-0.00018322419757640254
492,interest,3,0.0001667778519012675,-1.0986122886681098,-0.00018322419757640254
409,equations,3,0.0001667778519012675,-1.0986122886681098,-0.00018322419757640254
267,But,3,0.0001667778519012675,-1.0986122886681098,-0.00018322419757640254
399,medium,3,0.0001667778519012675,-1.0986122886681098,-0.00018322419757640254
561,They,3,0.0001667778519012675,-1.0986122886681098,-0.00018322419757640254
438,anonymous,3,0.0001667778519012675,-1.0986122886681098,-0.00018322419757640254
328,miners,3,0.0001667778519012675,-1.0986122886681098,-0.00018322419757640254
950,letter,3,0.0001667778519012675,-1.0986122886681098,-0.00018322419757640254
876,MANAGEMENT,3,0.0001667778519012675,-1.0986122886681098,-0.00018322419757640254
903,need,3,0.0001667778519012675,-1.0986122886681098,-0.00018322419757640254
891,Market,3,0.0001667778519012675,-1.0986122886681098,-0.00018322419757640254
886,good,3,0.0001667778519012675,-1.0986122886681098,-0.00018322419757640254
135,There,3,0.0001667778519012675,-1.0986122886681098,-0.00018322419757640254
134,list,3,0.0001667778519012675,-1.0986122886681098,-0.00018322419757640254
810,WORK,3,0.0001667778519012675,-1.0986122886681098,-0.00018322419757640254
51,million,3,0.0001667778519012675,-1.0986122886681098,-0.00018322419757640254
127,fully,3,0.0001667778519012675,-1.0986122886681098,-0.00018322419757640254
126,created,3,0.0001667778519012675,-1.0986122886681098,-0.00018322419757640254
124,total,3,0.0001667778519012675,-1.0986122886681098,-0.00018322419757640254
743,stores,3,0.0001667778519012675,-1.0986122886681098,-0.00018322419757640254
862,raised,3,0.0001667778519012675,-1.0986122886681098,-0.00018322419757640254
750,group,3,0.0001667778519012675,-1.0986122886681098,-0.00018322419757640254
752,try,3,0.0001667778519012675,-1.0986122886681098,-0.00018322419757640254
753,become,3,0.0001667778519012675,-1.0986122886681098,-0.00018322419757640254
117,CURRENCY,3,0.0001667778519012675,-1.0986122886681098,-0.00018322419757640254
115,services,3,0.0001667778519012675,-1.0986122886681098,-0.00018322419757640254
758,Ethereum,3,0.0001667778519012675,-1.0986122886681098,-0.00018322419757640254
841,FREE,3,0.0001667778519012675,-1.0986122886681098,-0.00018322419757640254
776,DATA,3,0.0001667778519012675,-1.0986122886681098,-0.00018322419757640254
783,early,3,0.0001667778519012675,-1.0986122886681098,-0.00018322419757640254
834,complex,3,0.0001667778519012675,-1.0986122886681098,-0.00018322419757640254
787,payment,3,0.0001667778519012675,-1.0986122886681098,-0.00018322419757640254
817,technology,3,0.0001667778519012675,-1.0986122886681098,-0.00018322419757640254
814,verify,3,0.0001667778519012675,-1.0986122886681098,-0.00018322419757640254
88,TRUTH,3,0.0001667778519012675,-1.0986122886681098,-0.00018322419757640254
804,trust,3,0.0001667778519012675,-1.0986122886681098,-0.00018322419757640254
85,participation,3,0.0001667778519012675,-1.0986122886681098,-0.00018322419757640254
805,tree,3,0.0001667778519012675,-1.0986122886681098,-0.00018322419757640254
713,what,3,0.0001667778519012675,-1.0986122886681098,-0.00018322419757640254
155,And,3,0.0001667778519012675,-1.0986122886681098,-0.00018322419757640254
812,modify,3,0.0001667778519012675,-1.0986122886681098,-0.00018322419757640254
193,different,3,0.0001667778519012675,-1.0986122886681098,-0.00018322419757640254
187,very,3,0.0001667778519012675,-1.0986122886681098,-0.00018322419757640254
940,computers,3,0.0001667778519012675,-1.0986122886681098,-0.00018322419757640254
929,self,3,0.0001667778519012675,-1.0986122886681098,-0.00018322419757640254
695,been,3,0.0001667778519012675,-1.0986122886681098,-0.00018322419757640254
943,nsf,3,0.0001667778519012675,-1.0986122886681098,-0.00018322419757640254
2,difficult,3,0.0001667778519012675,-1.0986122886681098,-0.00018322419757640254
18,more,3,0.0001667778519012675,-1.0986122886681098,-0.00018322419757640254
205,happen,3,0.0001667778519012675,-1.0986122886681098,-0.00018322419757640254
623,October,3,0.0001667778519012675,-1.0986122886681098,-0.00018322419757640254
157,like,3,0.0001667778519012675,-1.0986122886681098,-0.00018322419757640254
704,These,3,0.0001667778519012675,-1.0986122886681098,-0.00018322419757640254
933,find,3,0.0001667778519012675,-1.0986122886681098,-0.00018322419757640254
377,lists,2,0.000111185234600845,-0.6931471805599453,-7.706773188347178e-05
839,run,2,0.000111185234600845,-0.6931471805599453,-7.706773188347178e-05
939,institutionalization,2,0.000111185234600845,-0.6931471805599453,-7.706773188347178e-05
846,parties,2,0.000111185234600845,-0.6931471805599453,-7.706773188347178e-05
445,cryptographic,2,0.000111185234600845,-0.6931471805599453,-7.706773188347178e-05
443,even,2,0.000111185234600845,-0.6931471805599453,-7.706773188347178e-05
907,STABILITY,2,0.000111185234600845,-0.6931471805599453,-7.706773188347178e-05
945,values,2,0.000111185234600845,-0.6931471805599453,-7.706773188347178e-05
827,COMPLETING,2,0.000111185234600845,-0.6931471805599453,-7.706773188347178e-05
825,hbr,2,0.000111185234600845,-0.6931471805599453,-7.706773188347178e-05
824,September,2,0.000111185234600845,-0.6931471805599453,-7.706773188347178e-05
819,NETWORK,2,0.000111185234600845,-0.6931471805599453,-7.706773188347178e-05
456,human,2,0.000111185234600845,-0.6931471805599453,-7.706773188347178e-05
947,worth,2,0.000111185234600845,-0.6931471805599453,-7.706773188347178e-05
368,MINER,2,0.000111185234600845,-0.6931471805599453,-7.706773188347178e-05
462,financial,2,0.000111185234600845,-0.6931471805599453,-7.706773188347178e-05
948,under,2,0.000111185234600845,-0.6931471805599453,-7.706773188347178e-05
446,contain,2,0.000111185234600845,-0.6931471805599453,-7.706773188347178e-05
828,solution,2,0.000111185234600845,-0.6931471805599453,-7.706773188347178e-05
858,security,2,0.000111185234600845,-0.6931471805599453,-7.706773188347178e-05
856,replace,2,0.000111185234600845,-0.6931471805599453,-7.706773188347178e-05
406,dollar,2,0.000111185234600845,-0.6931471805599453,-7.706773188347178e-05
919,really,2,0.000111185234600845,-0.6931471805599453,-7.706773188347178e-05
890,grp,2,0.000111185234600845,-0.6931471805599453,-7.706773188347178e-05
889,Cryptocurrencies,2,0.000111185234600845,-0.6931471805599453,-7.706773188347178e-05
413,paper,2,0.000111185234600845,-0.6931471805599453,-7.706773188347178e-05
920,theory,2,0.000111185234600845,-0.6931471805599453,-7.706773188347178e-05
414,encrypted,2,0.000111185234600845,-0.6931471805599453,-7.706773188347178e-05
923,already,2,0.000111185234600845,-0.6931471805599453,-7.706773188347178e-05
416,meet,2,0.000111185234600845,-0.6931471805599453,-7.706773188347178e-05
395,question,2,0.000111185234600845,-0.6931471805599453,-7.706773188347178e-05
848,takes,2,0.000111185234600845,-0.6931471805599453,-7.706773188347178e-05
423,Once,2,0.000111185234600845,-0.6931471805599453,-7.706773188347178e-05
391,converts,2,0.000111185234600845,-0.6931471805599453,-7.706773188347178e-05
866,Explained,2,0.000111185234600845,-0.6931471805599453,-7.706773188347178e-05
390,trusted,2,0.000111185234600845,-0.6931471805599453,-7.706773188347178e-05
926,allow,2,0.000111185234600845,-0.6931471805599453,-7.706773188347178e-05
426,nakamoto,2,0.000111185234600845,-0.6931471805599453,-7.706773188347178e-05
928,HASH,2,0.000111185234600845,-0.6931471805599453,-7.706773188347178e-05
429,required,2,0.000111185234600845,-0.6931471805599453,-7.706773188347178e-05
861,intent,2,0.000111185234600845,-0.6931471805599453,-7.706773188347178e-05
931,presently,2,0.000111185234600845,-0.6931471805599453,-7.706773188347178e-05
932,search,2,0.000111185234600845,-0.6931471805599453,-7.706773188347178e-05
924,Fidelity,2,0.000111185234600845,-0.6931471805599453,-7.706773188347178e-05
619,Hughes,2,0.000111185234600845,-0.6931471805599453,-7.706773188347178e-05
789,combined,2,0.000111185234600845,-0.6931471805599453,-7.706773188347178e-05
469,readily,2,0.000111185234600845,-0.6931471805599453,-7.706773188347178e-05
720,then,2,0.000111185234600845,-0.6931471805599453,-7.706773188347178e-05
719,authority,2,0.000111185234600845,-0.6931471805599453,-7.706773188347178e-05
718,bff9749,2,0.000111185234600845,-0.6931471805599453,-7.706773188347178e-05
555,earlier,2,0.000111185234600845,-0.6931471805599453,-7.706773188347178e-05
557,essentially,2,0.000111185234600845,-0.6931471805599453,-7.706773188347178e-05
696,capitalization,2,0.000111185234600845,-0.6931471805599453,-7.706773188347178e-05
559,effort,2,0.000111185234600845,-0.6931471805599453,-7.706773188347178e-05
562,length,2,0.000111185234600845,-0.6931471805599453,-7.706773188347178e-05
563,perform,2,0.000111185234600845,-0.6931471805599453,-7.706773188347178e-05
575,Satoshi,2,0.000111185234600845,-0.6931471805599453,-7.706773188347178e-05
680,interested,2,0.000111185234600845,-0.6931471805599453,-7.706773188347178e-05
678,using,2,0.000111185234600845,-0.6931471805599453,-7.706773188347178e-05
675,Phil,2,0.000111185234600845,-0.6931471805599453,-7.706773188347178e-05
672,ibm,2,0.000111185234600845,-0.6931471805599453,-7.706773188347178e-05
671,exist,2,0.000111185234600845,-0.6931471805599453,-7.706773188347178e-05
363,placed,2,0.000111185234600845,-0.6931471805599453,-7.706773188347178e-05
668,rules,2,0.000111185234600845,-0.6931471805599453,-7.706773188347178e-05
663,algorithm,2,0.000111185234600845,-0.6931471805599453,-7.706773188347178e-05
646,satoshi,2,0.000111185234600845,-0.6931471805599453,-7.706773188347178e-05
604,products,2,0.000111185234600845,-0.6931471805599453,-7.706773188347178e-05
639,individual,2,0.000111185234600845,-0.6931471805599453,-7.706773188347178e-05
637,Manifesto,2,0.000111185234600845,-0.6931471805599453,-7.706773188347178e-05
610,ICOs,2,0.000111185234600845,-0.6931471805599453,-7.706773188347178e-05
636,few,2,0.000111185234600845,-0.6931471805599453,-7.706773188347178e-05
635,solving,2,0.000111185234600845,-0.6931471805599453,-7.706773188347178e-05
629,privacy,2,0.000111185234600845,-0.6931471805599453,-7.706773188347178e-05
618,fixed,2,0.000111185234600845,-0.6931471805599453,-7.706773188347178e-05
722,easily,2,0.000111185234600845,-0.6931471805599453,-7.706773188347178e-05
466,some,2,0.000111185234600845,-0.6931471805599453,-7.706773188347178e-05
726,characteristics,2,0.000111185234600845,-0.6931471805599453,-7.706773188347178e-05
535,html,2,0.000111185234600845,-0.6931471805599453,-7.706773188347178e-05
799,Retail,2,0.000111185234600845,-0.6931471805599453,-7.706773188347178e-05
792,complete,2,0.000111185234600845,-0.6931471805599453,-7.706773188347178e-05
472,referred,2,0.000111185234600845,-0.6931471805599453,-7.706773188347178e-05
473,market,2,0.000111185234600845,-0.6931471805599453,-7.706773188347178e-05
791,card,2,0.000111185234600845,-0.6931471805599453,-7.706773188347178e-05
476,government,2,0.000111185234600845,-0.6931471805599453,-7.706773188347178e-05
621,blockchains,2,0.000111185234600845,-0.6931471805599453,-7.706773188347178e-05
784,constituencies,2,0.000111185234600845,-0.6931471805599453,-7.706773188347178e-05
483,still,2,0.000111185234600845,-0.6931471805599453,-7.706773188347178e-05
484,enunciate,2,0.000111185234600845,-0.6931471805599453,-7.706773188347178e-05
771,secure,2,0.000111185234600845,-0.6931471805599453,-7.706773188347178e-05
768,heres,2,0.000111185234600845,-0.6931471805599453,-7.706773188347178e-05
762,TRANSPARENCY,2,0.000111185234600845,-0.6931471805599453,-7.706773188347178e-05
761,class,2,0.000111185234600845,-0.6931471805599453,-7.706773188347178e-05
494,However,2,0.000111185234600845,-0.6931471805599453,-7.706773188347178e-05
499,Cypherpunks,2,0.000111185234600845,-0.6931471805599453,-7.706773188347178e-05
755,just,2,0.000111185234600845,-0.6931471805599453,-7.706773188347178e-05
507,Eric,2,0.000111185234600845,-0.6931471805599453,-7.706773188347178e-05
508,enable,2,0.000111185234600845,-0.6931471805599453,-7.706773188347178e-05
749,shared,2,0.000111185234600845,-0.6931471805599453,-7.706773188347178e-05
509,agree,2,0.000111185234600845,-0.6931471805599453,-7.706773188347178e-05
522,If,2,0.000111185234600845,-0.6931471805599453,-7.706773188347178e-05
741,potential,2,0.000111185234600845,-0.6931471805599453,-7.706773188347178e-05
738,awarded,2,0.000111185234600845,-0.6931471805599453,-7.706773188347178e-05
735,make,2,0.000111185234600845,-0.6931471805599453,-7.706773188347178e-05
734,consensus,2,0.000111185234600845,-0.6931471805599453,-7.706773188347178e-05
728,FOR,2,0.000111185234600845,-0.6931471805599453,-7.706773188347178e-05
727,IBM,2,0.000111185234600845,-0.6931471805599453,-7.706773188347178e-05
361,verifiable,2,0.000111185234600845,-0.6931471805599453,-7.706773188347178e-05
475,record,2,0.000111185234600845,-0.6931471805599453,-7.706773188347178e-05
80,idea,2,0.000111185234600845,-0.6931471805599453,-7.706773188347178e-05
250,distributed,2,0.000111185234600845,-0.6931471805599453,-7.706773188347178e-05
255,smart,2,0.000111185234600845,-0.6931471805599453,-7.706773188347178e-05
74,validate,2,0.000111185234600845,-0.6931471805599453,-7.706773188347178e-05
266,every,2,0.000111185234600845,-0.6931471805599453,-7.706773188347178e-05
69,immutability,2,0.000111185234600845,-0.6931471805599453,-7.706773188347178e-05
67,practical,2,0.000111185234600845,-0.6931471805599453,-7.706773188347178e-05
66,af,2,0.000111185234600845,-0.6931471805599453,-7.706773188347178e-05
65,mined,2,0.000111185234600845,-0.6931471805599453,-7.706773188347178e-05
64,likely,2,0.000111185234600845,-0.6931471805599453,-7.706773188347178e-05
62,relevant,2,0.000111185234600845,-0.6931471805599453,-7.706773188347178e-05
287,programmer,2,0.000111185234600845,-0.6931471805599453,-7.706773188347178e-05
289,blocfest,2,0.000111185234600845,-0.6931471805599453,-7.706773188347178e-05
300,transfer,2,0.000111185234600845,-0.6931471805599453,-7.706773188347178e-05
306,both,2,0.000111185234600845,-0.6931471805599453,-7.706773188347178e-05
307,hackers,2,0.000111185234600845,-0.6931471805599453,-7.706773188347178e-05
53,technologies,2,0.000111185234600845,-0.6931471805599453,-7.706773188347178e-05
309,businessinsider,2,0.000111185234600845,-0.6931471805599453,-7.706773188347178e-05
310,tenets,2,0.000111185234600845,-0.6931471805599453,-7.706773188347178e-05
314,recent,2,0.000111185234600845,-0.6931471805599453,-7.706773188347178e-05
49,increase,2,0.000111185234600845,-0.6931471805599453,-7.706773188347178e-05
48,bonds,2,0.000111185234600845,-0.6931471805599453,-7.706773188347178e-05
44,from,2,0.000111185234600845,-0.6931471805599453,-7.706773188347178e-05
321,key,2,0.000111185234600845,-0.6931471805599453,-7.706773188347178e-05
248,funds,2,0.000111185234600845,-0.6931471805599453,-7.706773188347178e-05
40,KPMG,2,0.000111185234600845,-0.6931471805599453,-7.706773188347178e-05
94,success,2,0.000111185234600845,-0.6931471805599453,-7.706773188347178e-05
241,followed,2,0.000111185234600845,-0.6931471805599453,-7.706773188347178e-05
176,offer,2,0.000111185234600845,-0.6931471805599453,-7.706773188347178e-05
173,greater,2,0.000111185234600845,-0.6931471805599453,-7.706773188347178e-05
170,puzzle,2,0.000111185234600845,-0.6931471805599453,-7.706773188347178e-05
167,ADDING,2,0.000111185234600845,-0.6931471805599453,-7.706773188347178e-05
160,issue,2,0.000111185234600845,-0.6931471805599453,-7.706773188347178e-05
158,method,2,0.000111185234600845,-0.6931471805599453,-7.706773188347178e-05
204,cryptography,2,0.000111185234600845,-0.6931471805599453,-7.706773188347178e-05
207,tZero,2,0.000111185234600845,-0.6931471805599453,-7.706773188347178e-05
208,provenance,2,0.000111185234600845,-0.6931471805599453,-7.706773188347178e-05
144,Cryptoasset,2,0.000111185234600845,-0.6931471805599453,-7.706773188347178e-05
143,estimated,2,0.000111185234600845,-0.6931471805599453,-7.706773188347178e-05
213,Nakamoto,2,0.000111185234600845,-0.6931471805599453,-7.706773188347178e-05
219,things,2,0.000111185234600845,-0.6931471805599453,-7.706773188347178e-05
128,cypherpunk,2,0.000111185234600845,-0.6931471805599453,-7.706773188347178e-05
122,finality,2,0.000111185234600845,-0.6931471805599453,-7.706773188347178e-05
118,possible,2,0.000111185234600845,-0.6931471805599453,-7.706773188347178e-05
228,gift,2,0.000111185234600845,-0.6931471805599453,-7.706773188347178e-05
229,With,2,0.000111185234600845,-0.6931471805599453,-7.706773188347178e-05
111,POTENTIAL,2,0.000111185234600845,-0.6931471805599453,-7.706773188347178e-05
110,BLOCKS,2,0.000111185234600845,-0.6931471805599453,-7.706773188347178e-05
108,developed,2,0.000111185234600845,-0.6931471805599453,-7.706773188347178e-05
234,investment,2,0.000111185234600845,-0.6931471805599453,-7.706773188347178e-05
105,entirely,2,0.000111185234600845,-0.6931471805599453,-7.706773188347178e-05
102,send,2,0.000111185234600845,-0.6931471805599453,-7.706773188347178e-05
35,standard,2,0.000111185234600845,-0.6931471805599453,-7.706773188347178e-05
180,may,2,0.000111185234600845,-0.6931471805599453,-7.706773188347178e-05
358,why,2,0.000111185234600845,-0.6931471805599453,-7.706773188347178e-05
10,cryptoassets,2,0.000111185234600845,-0.6931471805599453,-7.706773188347178e-05
12,receive,2,0.000111185234600845,-0.6931471805599453,-7.706773188347178e-05
335,wants,2,0.000111185234600845,-0.6931471805599453,-7.706773188347178e-05
22,another,2,0.000111185234600845,-0.6931471805599453,-7.706773188347178e-05
31,header,2,0.000111185234600845,-0.6931471805599453,-7.706773188347178e-05
343,content,2,0.000111185234600845,-0.6931471805599453,-7.706773188347178e-05
330,same,2,0.000111185234600845,-0.6931471805599453,-7.706773188347178e-05
338,efficiently,2,0.000111185234600845,-0.6931471805599453,-7.706773188347178e-05
344,CHARACTERISTICS,2,0.000111185234600845,-0.6931471805599453,-7.706773188347178e-05
1,how,2,0.000111185234600845,-0.6931471805599453,-7.706773188347178e-05
777,previous,1,5.55926173004225e-05,0.0,0.0
782,propensity,1,5.55926173004225e-05,0.0,0.0
11,consists,1,5.55926173004225e-05,0.0,0.0
934,Crashes,1,5.55926173004225e-05,0.0,0.0
119,LINES,1,5.55926173004225e-05,0.0,0.0
751,incorrect,1,5.55926173004225e-05,0.0,0.0
120,Courtois,1,5.55926173004225e-05,0.0,0.0
121,letters,1,5.55926173004225e-05,0.0,0.0
748,Depending,1,5.55926173004225e-05,0.0,0.0
747,Philippe,1,5.55926173004225e-05,0.0,0.0
745,object,1,5.55926173004225e-05,0.0,0.0
744,contracts,1,5.55926173004225e-05,0.0,0.0
123,August,1,5.55926173004225e-05,0.0,0.0
125,Those,1,5.55926173004225e-05,0.0,0.0
936,lot,1,5.55926173004225e-05,0.0,0.0
740,creator,1,5.55926173004225e-05,0.0,0.0
739,correspond,1,5.55926173004225e-05,0.0,0.0
129,legal,1,5.55926173004225e-05,0.0,0.0
737,stablecoins,1,5.55926173004225e-05,0.0,0.0
736,enormous,1,5.55926173004225e-05,0.0,0.0
131,agreement,1,5.55926173004225e-05,0.0,0.0
132,current,1,5.55926173004225e-05,0.0,0.0
133,encode,1,5.55926173004225e-05,0.0,0.0
8,publicly,1,5.55926173004225e-05,0.0,0.0
732,when,1,5.55926173004225e-05,0.0,0.0
754,replicated,1,5.55926173004225e-05,0.0,0.0
116,requires,1,5.55926173004225e-05,0.0,0.0
114,actually,1,5.55926173004225e-05,0.0,0.0
104,dealbook,1,5.55926173004225e-05,0.0,0.0
779,removes,1,5.55926173004225e-05,0.0,0.0
927,operation,1,5.55926173004225e-05,0.0,0.0
775,news,1,5.55926173004225e-05,0.0,0.0
774,perishable,1,5.55926173004225e-05,0.0,0.0
773,Will,1,5.55926173004225e-05,0.0,0.0
16,One,1,5.55926173004225e-05,0.0,0.0
106,electronic,1,5.55926173004225e-05,0.0,0.0
107,investing,1,5.55926173004225e-05,0.0,0.0
770,cards,1,5.55926173004225e-05,0.0,0.0
769,techniques,1,5.55926173004225e-05,0.0,0.0
17,Privacy,1,5.55926173004225e-05,0.0,0.0
15,Jean,1,5.55926173004225e-05,0.0,0.0
767,protocols,1,5.55926173004225e-05,0.0,0.0
780,Caplain,1,5.55926173004225e-05,0.0,0.0
766,single,1,5.55926173004225e-05,0.0,0.0
765,processed,1,5.55926173004225e-05,0.0,0.0
109,decay,1,5.55926173004225e-05,0.0,0.0
763,applications,1,5.55926173004225e-05,0.0,0.0
14,ensure,1,5.55926173004225e-05,0.0,0.0
13,basics,1,5.55926173004225e-05,0.0,0.0
760,discussions,1,5.55926173004225e-05,0.0,0.0
759,investible,1,5.55926173004225e-05,0.0,0.0
731,vcs,1,5.55926173004225e-05,0.0,0.0
112,degree,1,5.55926173004225e-05,0.0,0.0
757,Litecoin,1,5.55926173004225e-05,0.0,0.0
778,shareable,1,5.55926173004225e-05,0.0,0.0
34,TECHNICAL,1,5.55926173004225e-05,0.0,0.0
136,Andreessen,1,5.55926173004225e-05,0.0,0.0
729,law,1,5.55926173004225e-05,0.0,0.0
699,combination,1,5.55926173004225e-05,0.0,0.0
162,grp307,1,5.55926173004225e-05,0.0,0.0
163,someone,1,5.55926173004225e-05,0.0,0.0
166,attempts,1,5.55926173004225e-05,0.0,0.0
4,predictable,1,5.55926173004225e-05,0.0,0.0
694,SATOSHI,1,5.55926173004225e-05,0.0,0.0
693,TREE,1,5.55926173004225e-05,0.0,0.0
692,Nagaraj,1,5.55926173004225e-05,0.0,0.0
168,again,1,5.55926173004225e-05,0.0,0.0
690,tracking,1,5.55926173004225e-05,0.0,0.0
689,after,1,5.55926173004225e-05,0.0,0.0
688,BASICS,1,5.55926173004225e-05,0.0,0.0
169,FROM,1,5.55926173004225e-05,0.0,0.0
686,CME,1,5.55926173004225e-05,0.0,0.0
685,alters,1,5.55926173004225e-05,0.0,0.0
684,poor,1,5.55926173004225e-05,0.0,0.0
946,obtains,1,5.55926173004225e-05,0.0,0.0
171,emails,1,5.55926173004225e-05,0.0,0.0
681,Fundraising,1,5.55926173004225e-05,0.0,0.0
172,repeating,1,5.55926173004225e-05,0.0,0.0
679,controlling,1,5.55926173004225e-05,0.0,0.0
3,publicized,1,5.55926173004225e-05,0.0,0.0
677,organization,1,5.55926173004225e-05,0.0,0.0
676,whoever,1,5.55926173004225e-05,0.0,0.0
174,Value,1,5.55926173004225e-05,0.0,0.0
674,Does,1,5.55926173004225e-05,0.0,0.0
175,extremely,1,5.55926173004225e-05,0.0,0.0
700,Retailers,1,5.55926173004225e-05,0.0,0.0
701,movement,1,5.55926173004225e-05,0.0,0.0
159,Funds,1,5.55926173004225e-05,0.0,0.0
944,happens,1,5.55926173004225e-05,0.0,0.0
103,made,1,5.55926173004225e-05,0.0,0.0
137,Blockchains,1,5.55926173004225e-05,0.0,0.0
138,right,1,5.55926173004225e-05,0.0,0.0
139,Coindesk,1,5.55926173004225e-05,0.0,0.0
724,inductees,1,5.55926173004225e-05,0.0,0.0
723,database,1,5.55926173004225e-05,0.0,0.0
938,Cycling,1,5.55926173004225e-05,0.0,0.0
140,organize,1,5.55926173004225e-05,0.0,0.0
141,see,1,5.55926173004225e-05,0.0,0.0
7,Even,1,5.55926173004225e-05,0.0,0.0
6,Then,1,5.55926173004225e-05,0.0,0.0
146,receives,1,5.55926173004225e-05,0.0,0.0
941,needed,1,5.55926173004225e-05,0.0,0.0
730,string,1,5.55926173004225e-05,0.0,0.0
717,Wall,1,5.55926173004225e-05,0.0,0.0
147,First,1,5.55926173004225e-05,0.0,0.0
715,produce,1,5.55926173004225e-05,0.0,0.0
148,Vice,1,5.55926173004225e-05,0.0,0.0
150,nakamotoinstitute,1,5.55926173004225e-05,0.0,0.0
712,suggest,1,5.55926173004225e-05,0.0,0.0
711,explained,1,5.55926173004225e-05,0.0,0.0
5,consumers,1,5.55926173004225e-05,0.0,0.0
151,trading,1,5.55926173004225e-05,0.0,0.0
709,Currencies,1,5.55926173004225e-05,0.0,0.0
708,Calculations,1,5.55926173004225e-05,0.0,0.0
707,Paper,1,5.55926173004225e-05,0.0,0.0
152,genre,1,5.55926173004225e-05,0.0,0.0
153,computing,1,5.55926173004225e-05,0.0,0.0
942,tries,1,5.55926173004225e-05,0.0,0.0
19,Author,1,5.55926173004225e-05,0.0,0.0
788,futures,1,5.55926173004225e-05,0.0,0.0
786,problem,1,5.55926173004225e-05,0.0,0.0
911,SUMMARY,1,5.55926173004225e-05,0.0,0.0
870,RACE,1,5.55926173004225e-05,0.0,0.0
869,Price,1,5.55926173004225e-05,0.0,0.0
28,November,1,5.55926173004225e-05,0.0,0.0
868,completion,1,5.55926173004225e-05,0.0,0.0
867,validates,1,5.55926173004225e-05,0.0,0.0
54,earning,1,5.55926173004225e-05,0.0,0.0
55,most,1,5.55926173004225e-05,0.0,0.0
913,Proof,1,5.55926173004225e-05,0.0,0.0
864,output,1,5.55926173004225e-05,0.0,0.0
56,you,1,5.55926173004225e-05,0.0,0.0
57,blockonomi,1,5.55926173004225e-05,0.0,0.0
58,processes,1,5.55926173004225e-05,0.0,0.0
860,Store,1,5.55926173004225e-05,0.0,0.0
859,size,1,5.55926173004225e-05,0.0,0.0
59,fees,1,5.55926173004225e-05,0.0,0.0
60,progress,1,5.55926173004225e-05,0.0,0.0
61,enunciated,1,5.55926173004225e-05,0.0,0.0
855,merkle,1,5.55926173004225e-05,0.0,0.0
854,entrepreneurs,1,5.55926173004225e-05,0.0,0.0
914,Cash,1,5.55926173004225e-05,0.0,0.0
853,does,1,5.55926173004225e-05,0.0,0.0
915,performing,1,5.55926173004225e-05,0.0,0.0
852,thenextweb,1,5.55926173004225e-05,0.0,0.0
851,conducted,1,5.55926173004225e-05,0.0,0.0
850,determining,1,5.55926173004225e-05,0.0,0.0
916,Interest,1,5.55926173004225e-05,0.0,0.0
872,wwe,1,5.55926173004225e-05,0.0,0.0
63,VERIFICATION,1,5.55926173004225e-05,0.0,0.0
873,Pretty,1,5.55926173004225e-05,0.0,0.0
910,institutions,1,5.55926173004225e-05,0.0,0.0
33,BLURRED,1,5.55926173004225e-05,0.0,0.0
37,Various,1,5.55926173004225e-05,0.0,0.0
898,f764dee962a1,1,5.55926173004225e-05,0.0,0.0
38,deemed,1,5.55926173004225e-05,0.0,0.0
39,Zimme,1,5.55926173004225e-05,0.0,0.0
904,enter,1,5.55926173004225e-05,0.0,0.0
894,humanity,1,5.55926173004225e-05,0.0,0.0
893,external,1,5.55926173004225e-05,0.0,0.0
892,testing,1,5.55926173004225e-05,0.0,0.0
41,fingerprint,1,5.55926173004225e-05,0.0,0.0
42,determine,1,5.55926173004225e-05,0.0,0.0
43,MERKLE,1,5.55926173004225e-05,0.0,0.0
888,DO,1,5.55926173004225e-05,0.0,0.0
887,correctly,1,5.55926173004225e-05,0.0,0.0
32,What,1,5.55926173004225e-05,0.0,0.0
45,unstable,1,5.55926173004225e-05,0.0,0.0
46,accuracy,1,5.55926173004225e-05,0.0,0.0
906,shelf,1,5.55926173004225e-05,0.0,0.0
882,helpful,1,5.55926173004225e-05,0.0,0.0
29,mathematically,1,5.55926173004225e-05,0.0,0.0
880,cointelegraph,1,5.55926173004225e-05,0.0,0.0
879,offerings,1,5.55926173004225e-05,0.0,0.0
878,CYPHERPUNKS,1,5.55926173004225e-05,0.0,0.0
877,difficulty,1,5.55926173004225e-05,0.0,0.0
50,guaranteed,1,5.55926173004225e-05,0.0,0.0
875,cnbc,1,5.55926173004225e-05,0.0,0.0
909,FIAT,1,5.55926173004225e-05,0.0,0.0
52,rather,1,5.55926173004225e-05,0.0,0.0
785,relative,1,5.55926173004225e-05,0.0,0.0
847,anytime,1,5.55926173004225e-05,0.0,0.0
845,each,1,5.55926173004225e-05,0.0,0.0
813,gets,1,5.55926173004225e-05,0.0,0.0
179,expanding,1,5.55926173004225e-05,0.0,0.0
811,Investopedia,1,5.55926173004225e-05,0.0,0.0
81,CoinMarketCap,1,5.55926173004225e-05,0.0,0.0
82,increasing,1,5.55926173004225e-05,0.0,0.0
808,subsequent,1,5.55926173004225e-05,0.0,0.0
807,free,1,5.55926173004225e-05,0.0,0.0
83,overvaluations,1,5.55926173004225e-05,0.0,0.0
84,owner,1,5.55926173004225e-05,0.0,0.0
86,peers,1,5.55926173004225e-05,0.0,0.0
803,guess,1,5.55926173004225e-05,0.0,0.0
802,developers,1,5.55926173004225e-05,0.0,0.0
87,contains,1,5.55926173004225e-05,0.0,0.0
800,Entrepreneur,1,5.55926173004225e-05,0.0,0.0
89,generationally,1,5.55926173004225e-05,0.0,0.0
798,series,1,5.55926173004225e-05,0.0,0.0
797,By,1,5.55926173004225e-05,0.0,0.0
796,capitalists,1,5.55926173004225e-05,0.0,0.0
21,businesses,1,5.55926173004225e-05,0.0,0.0
90,fiction,1,5.55926173004225e-05,0.0,0.0
794,participants,1,5.55926173004225e-05,0.0,0.0
793,CONSTRUCTING,1,5.55926173004225e-05,0.0,0.0
91,include,1,5.55926173004225e-05,0.0,0.0
95,solutions,1,5.55926173004225e-05,0.0,0.0
97,gsr,1,5.55926173004225e-05,0.0,0.0
902,metals,1,5.55926173004225e-05,0.0,0.0
99,TARGET,1,5.55926173004225e-05,0.0,0.0
79,compares,1,5.55926173004225e-05,0.0,0.0
917,relies,1,5.55926173004225e-05,0.0,0.0
815,model,1,5.55926173004225e-05,0.0,0.0
78,invested,1,5.55926173004225e-05,0.0,0.0
844,four,1,5.55926173004225e-05,0.0,0.0
842,Microsoft,1,5.55926173004225e-05,0.0,0.0
27,theyre,1,5.55926173004225e-05,0.0,0.0
840,subject,1,5.55926173004225e-05,0.0,0.0
25,nytimes,1,5.55926173004225e-05,0.0,0.0
838,agents,1,5.55926173004225e-05,0.0,0.0
837,vs,1,5.55926173004225e-05,0.0,0.0
836,Trust,1,5.55926173004225e-05,0.0,0.0
835,VERSUS,1,5.55926173004225e-05,0.0,0.0
68,wrong,1,5.55926173004225e-05,0.0,0.0
833,oversight,1,5.55926173004225e-05,0.0,0.0
24,clever,1,5.55926173004225e-05,0.0,0.0
831,aspx,1,5.55926173004225e-05,0.0,0.0
830,finding,1,5.55926173004225e-05,0.0,0.0
70,rapidly,1,5.55926173004225e-05,0.0,0.0
71,transferred,1,5.55926173004225e-05,0.0,0.0
72,name,1,5.55926173004225e-05,0.0,0.0
826,consequence,1,5.55926173004225e-05,0.0,0.0
73,estimates,1,5.55926173004225e-05,0.0,0.0
921,Clearly,1,5.55926173004225e-05,0.0,0.0
922,underlying,1,5.55926173004225e-05,0.0,0.0
823,amounts,1,5.55926173004225e-05,0.0,0.0
822,significant,1,5.55926173004225e-05,0.0,0.0
75,nodes,1,5.55926173004225e-05,0.0,0.0
820,alphanumeric,1,5.55926173004225e-05,0.0,0.0
76,Trade,1,5.55926173004225e-05,0.0,0.0
77,Executive,1,5.55926173004225e-05,0.0,0.0
816,structure,1,5.55926173004225e-05,0.0,0.0
362,transparent,1,5.55926173004225e-05,0.0,0.0
656,cloud,1,5.55926173004225e-05,0.0,0.0
182,Merkle,1,5.55926173004225e-05,0.0,0.0
478,PRIVACY,1,5.55926173004225e-05,0.0,0.0
477,simply,1,5.55926173004225e-05,0.0,0.0
285,tzero,1,5.55926173004225e-05,0.0,0.0
949,accept,1,5.55926173004225e-05,0.0,0.0
474,itself,1,5.55926173004225e-05,0.0,0.0
288,Transparency,1,5.55926173004225e-05,0.0,0.0
470,intrinsically,1,5.55926173004225e-05,0.0,0.0
291,DEFINITIONS,1,5.55926173004225e-05,0.0,0.0
468,bunch,1,5.55926173004225e-05,0.0,0.0
293,exciting,1,5.55926173004225e-05,0.0,0.0
295,was,1,5.55926173004225e-05,0.0,0.0
465,Tampering,1,5.55926173004225e-05,0.0,0.0
298,PGP,1,5.55926173004225e-05,0.0,0.0
463,worthless,1,5.55926173004225e-05,0.0,0.0
299,independent,1,5.55926173004225e-05,0.0,0.0
461,Decoding,1,5.55926173004225e-05,0.0,0.0
460,bearing,1,5.55926173004225e-05,0.0,0.0
313,Four,1,5.55926173004225e-05,0.0,0.0
442,BECOME,1,5.55926173004225e-05,0.0,0.0
312,execution,1,5.55926173004225e-05,0.0,0.0
311,Institutional,1,5.55926173004225e-05,0.0,0.0
308,hashing,1,5.55926173004225e-05,0.0,0.0
448,activity,1,5.55926173004225e-05,0.0,0.0
479,ideas,1,5.55926173004225e-05,0.0,0.0
449,income,1,5.55926173004225e-05,0.0,0.0
451,based,1,5.55926173004225e-05,0.0,0.0
453,high,1,5.55926173004225e-05,0.0,0.0
455,third,1,5.55926173004225e-05,0.0,0.0
302,trillion,1,5.55926173004225e-05,0.0,0.0
457,through,1,5.55926173004225e-05,0.0,0.0
458,construct,1,5.55926173004225e-05,0.0,0.0
450,Use,1,5.55926173004225e-05,0.0,0.0
440,whereas,1,5.55926173004225e-05,0.0,0.0
283,sparked,1,5.55926173004225e-05,0.0,0.0
282,mysterious,1,5.55926173004225e-05,0.0,0.0
514,crowdfundinsider,1,5.55926173004225e-05,0.0,0.0
513,Initial,1,5.55926173004225e-05,0.0,0.0
512,unidentified,1,5.55926173004225e-05,0.0,0.0
511,triggers,1,5.55926173004225e-05,0.0,0.0
510,fool,1,5.55926173004225e-05,0.0,0.0
261,permissioned,1,5.55926173004225e-05,0.0,0.0
263,multitude,1,5.55926173004225e-05,0.0,0.0
264,internethalloffame,1,5.55926173004225e-05,0.0,0.0
506,general,1,5.55926173004225e-05,0.0,0.0
505,around,1,5.55926173004225e-05,0.0,0.0
504,compensated,1,5.55926173004225e-05,0.0,0.0
503,function,1,5.55926173004225e-05,0.0,0.0
268,resisted,1,5.55926173004225e-05,0.0,0.0
500,task,1,5.55926173004225e-05,0.0,0.0
270,science,1,5.55926173004225e-05,0.0,0.0
271,CRYPTOCURRENCY,1,5.55926173004225e-05,0.0,0.0
497,solved,1,5.55926173004225e-05,0.0,0.0
281,together,1,5.55926173004225e-05,0.0,0.0
280,dividing,1,5.55926173004225e-05,0.0,0.0
279,fiat,1,5.55926173004225e-05,0.0,0.0
486,also,1,5.55926173004225e-05,0.0,0.0
277,recorded,1,5.55926173004225e-05,0.0,0.0
488,fraudulent,1,5.55926173004225e-05,0.0,0.0
481,management,1,5.55926173004225e-05,0.0,0.0
276,hardfork,1,5.55926173004225e-05,0.0,0.0
491,provide,1,5.55926173004225e-05,0.0,0.0
274,providing,1,5.55926173004225e-05,0.0,0.0
273,meaning,1,5.55926173004225e-05,0.0,0.0
272,obtained,1,5.55926173004225e-05,0.0,0.0
495,CNBC,1,5.55926173004225e-05,0.0,0.0
496,singularity,1,5.55926173004225e-05,0.0,0.0
490,bitcoins,1,5.55926173004225e-05,0.0,0.0
515,historical,1,5.55926173004225e-05,0.0,0.0
439,much,1,5.55926173004225e-05,0.0,0.0
436,solves,1,5.55926173004225e-05,0.0,0.0
396,big,1,5.55926173004225e-05,0.0,0.0
339,storage,1,5.55926173004225e-05,0.0,0.0
340,NAKAMOTO,1,5.55926173004225e-05,0.0,0.0
393,original,1,5.55926173004225e-05,0.0,0.0
392,PROOF,1,5.55926173004225e-05,0.0,0.0
341,Bay,1,5.55926173004225e-05,0.0,0.0
342,manifesto,1,5.55926173004225e-05,0.0,0.0
387,working,1,5.55926173004225e-05,0.0,0.0
386,changing,1,5.55926173004225e-05,0.0,0.0
348,zimmermann,1,5.55926173004225e-05,0.0,0.0
384,signs,1,5.55926173004225e-05,0.0,0.0
349,traditional,1,5.55926173004225e-05,0.0,0.0
382,Stake,1,5.55926173004225e-05,0.0,0.0
381,fundamentally,1,5.55926173004225e-05,0.0,0.0
380,overall,1,5.55926173004225e-05,0.0,0.0
379,promoted,1,5.55926173004225e-05,0.0,0.0
378,classes,1,5.55926173004225e-05,0.0,0.0
359,SIGNIFICANCE,1,5.55926173004225e-05,0.0,0.0
364,Mining,1,5.55926173004225e-05,0.0,0.0
365,debate,1,5.55926173004225e-05,0.0,0.0
366,microsoft,1,5.55926173004225e-05,0.0,0.0
357,events,1,5.55926173004225e-05,0.0,0.0
369,chained,1,5.55926173004225e-05,0.0,0.0
398,becoming,1,5.55926173004225e-05,0.0,0.0
355,within,1,5.55926173004225e-05,0.0,0.0
353,viewer,1,5.55926173004225e-05,0.0,0.0
352,adjusted,1,5.55926173004225e-05,0.0,0.0
374,building,1,5.55926173004225e-05,0.0,0.0
351,taking,1,5.55926173004225e-05,0.0,0.0
376,MONEY,1,5.55926173004225e-05,0.0,0.0
350,Coinbase,1,5.55926173004225e-05,0.0,0.0
354,transparency,1,5.55926173004225e-05,0.0,0.0
437,scheme,1,5.55926173004225e-05,0.0,0.0
337,should,1,5.55926173004225e-05,0.0,0.0
336,powered,1,5.55926173004225e-05,0.0,0.0
435,measure,1,5.55926173004225e-05,0.0,0.0
315,mechanism,1,5.55926173004225e-05,0.0,0.0
316,All,1,5.55926173004225e-05,0.0,0.0
318,Says,1,5.55926173004225e-05,0.0,0.0
431,world,1,5.55926173004225e-05,0.0,0.0
430,EMPTY,1,5.55926173004225e-05,0.0,0.0
319,utilized,1,5.55926173004225e-05,0.0,0.0
428,HOW,1,5.55926173004225e-05,0.0,0.0
320,file,1,5.55926173004225e-05,0.0,0.0
322,technologyreview,1,5.55926173004225e-05,0.0,0.0
424,PoW,1,5.55926173004225e-05,0.0,0.0
324,USD,1,5.55926173004225e-05,0.0,0.0
422,found,1,5.55926173004225e-05,0.0,0.0
421,Major,1,5.55926173004225e-05,0.0,0.0
325,Venture,1,5.55926173004225e-05,0.0,0.0
419,proportional,1,5.55926173004225e-05,0.0,0.0
418,exchange,1,5.55926173004225e-05,0.0,0.0
402,USEFUL,1,5.55926173004225e-05,0.0,0.0
403,abandonment,1,5.55926173004225e-05,0.0,0.0
405,rampant,1,5.55926173004225e-05,0.0,0.0
334,allows,1,5.55926173004225e-05,0.0,0.0
407,predicts,1,5.55926173004225e-05,0.0,0.0
333,between,1,5.55926173004225e-05,0.0,0.0
400,relationship,1,5.55926173004225e-05,0.0,0.0
332,That,1,5.55926173004225e-05,0.0,0.0
411,contractual,1,5.55926173004225e-05,0.0,0.0
329,Hunter,1,5.55926173004225e-05,0.0,0.0
327,storeofvalue,1,5.55926173004225e-05,0.0,0.0
415,numbers,1,5.55926173004225e-05,0.0,0.0
326,vp,1,5.55926173004225e-05,0.0,0.0
417,means,1,5.55926173004225e-05,0.0,0.0
331,You,1,5.55926173004225e-05,0.0,0.0
516,VERTIFCATION,1,5.55926173004225e-05,0.0,0.0
258,compete,1,5.55926173004225e-05,0.0,0.0
518,illicit,1,5.55926173004225e-05,0.0,0.0
632,Term,1,5.55926173004225e-05,0.0,0.0
631,lives,1,5.55926173004225e-05,0.0,0.0
630,successfully,1,5.55926173004225e-05,0.0,0.0
203,square,1,5.55926173004225e-05,0.0,0.0
627,Since,1,5.55926173004225e-05,0.0,0.0
626,Because,1,5.55926173004225e-05,0.0,0.0
625,sufficient,1,5.55926173004225e-05,0.0,0.0
624,Security,1,5.55926173004225e-05,0.0,0.0
206,launching,1,5.55926173004225e-05,0.0,0.0
622,WHEN,1,5.55926173004225e-05,0.0,0.0
620,describing,1,5.55926173004225e-05,0.0,0.0
209,hashed,1,5.55926173004225e-05,0.0,0.0
617,FEW,1,5.55926173004225e-05,0.0,0.0
616,deterministic,1,5.55926173004225e-05,0.0,0.0
615,stabilized,1,5.55926173004225e-05,0.0,0.0
614,MARKET,1,5.55926173004225e-05,0.0,0.0
612,sale,1,5.55926173004225e-05,0.0,0.0
222,makes,1,5.55926173004225e-05,0.0,0.0
598,innovation,1,5.55926173004225e-05,0.0,0.0
599,skeptics,1,5.55926173004225e-05,0.0,0.0
600,volatility,1,5.55926173004225e-05,0.0,0.0
221,approval,1,5.55926173004225e-05,0.0,0.0
603,President,1,5.55926173004225e-05,0.0,0.0
633,CASE,1,5.55926173004225e-05,0.0,0.0
218,private,1,5.55926173004225e-05,0.0,0.0
606,Hedge,1,5.55926173004225e-05,0.0,0.0
607,lexicon,1,5.55926173004225e-05,0.0,0.0
217,clue,1,5.55926173004225e-05,0.0,0.0
609,stored,1,5.55926173004225e-05,0.0,0.0
215,merchants,1,5.55926173004225e-05,0.0,0.0
611,This,1,5.55926173004225e-05,0.0,0.0
605,becomes,1,5.55926173004225e-05,0.0,0.0
596,PERFORMED,1,5.55926173004225e-05,0.0,0.0
201,validation,1,5.55926173004225e-05,0.0,0.0
199,agility,1,5.55926173004225e-05,0.0,0.0
667,announces,1,5.55926173004225e-05,0.0,0.0
183,types,1,5.55926173004225e-05,0.0,0.0
665,backed,1,5.55926173004225e-05,0.0,0.0
185,Gold,1,5.55926173004225e-05,0.0,0.0
186,CONSTRUCTION,1,5.55926173004225e-05,0.0,0.0
188,networks,1,5.55926173004225e-05,0.0,0.0
661,selection,1,5.55926173004225e-05,0.0,0.0
660,White,1,5.55926173004225e-05,0.0,0.0
659,everyone,1,5.55926173004225e-05,0.0,0.0
189,Blocks,1,5.55926173004225e-05,0.0,0.0
657,formed,1,5.55926173004225e-05,0.0,0.0
360,say,1,5.55926173004225e-05,0.0,0.0
190,maintains,1,5.55926173004225e-05,0.0,0.0
191,staggering,1,5.55926173004225e-05,0.0,0.0
192,MINERS,1,5.55926173004225e-05,0.0,0.0
652,principal,1,5.55926173004225e-05,0.0,0.0
651,methods,1,5.55926173004225e-05,0.0,0.0
198,newer,1,5.55926173004225e-05,0.0,0.0
638,involves,1,5.55926173004225e-05,0.0,0.0
197,Street,1,5.55926173004225e-05,0.0,0.0
640,Services,1,5.55926173004225e-05,0.0,0.0
641,milk,1,5.55926173004225e-05,0.0,0.0
642,Financing,1,5.55926173004225e-05,0.0,0.0
200,Marc,1,5.55926173004225e-05,0.0,0.0
643,practically,1,5.55926173004225e-05,0.0,0.0
196,Area,1,5.55926173004225e-05,0.0,0.0
195,BORN,1,5.55926173004225e-05,0.0,0.0
647,Cryptoassets,1,5.55926173004225e-05,0.0,0.0
648,trade,1,5.55926173004225e-05,0.0,0.0
649,Until,1,5.55926173004225e-05,0.0,0.0
650,swlh,1,5.55926173004225e-05,0.0,0.0
644,person,1,5.55926173004225e-05,0.0,0.0
595,following,1,5.55926173004225e-05,0.0,0.0
594,generate,1,5.55926173004225e-05,0.0,0.0
593,wherein,1,5.55926173004225e-05,0.0,0.0
553,alternative,1,5.55926173004225e-05,0.0,0.0
240,Some,1,5.55926173004225e-05,0.0,0.0
550,vLookupPDFs,1,5.55926173004225e-05,0.0,0.0
244,depreciating,1,5.55926173004225e-05,0.0,0.0
548,BROADCAST,1,5.55926173004225e-05,0.0,0.0
547,shift,1,5.55926173004225e-05,0.0,0.0
546,PoS,1,5.55926173004225e-05,0.0,0.0
545,significance,1,5.55926173004225e-05,0.0,0.0
544,participate,1,5.55926173004225e-05,0.0,0.0
543,shiny,1,5.55926173004225e-05,0.0,0.0
542,untold,1,5.55926173004225e-05,0.0,0.0
245,near,1,5.55926173004225e-05,0.0,0.0
540,securely,1,5.55926173004225e-05,0.0,0.0
539,American,1,5.55926173004225e-05,0.0,0.0
247,adds,1,5.55926173004225e-05,0.0,0.0
537,cypherpunks,1,5.55926173004225e-05,0.0,0.0
536,controls,1,5.55926173004225e-05,0.0,0.0
519,speculation,1,5.55926173004225e-05,0.0,0.0
520,Journal,1,5.55926173004225e-05,0.0,0.0
521,party,1,5.55926173004225e-05,0.0,0.0
257,birth,1,5.55926173004225e-05,0.0,0.0
524,due,1,5.55926173004225e-05,0.0,0.0
253,Bitcoins,1,5.55926173004225e-05,0.0,0.0
239,TRADITIONAL,1,5.55926173004225e-05,0.0,0.0
526,Truth,1,5.55926173004225e-05,0.0,0.0
528,swings,1,5.55926173004225e-05,0.0,0.0
529,resulted,1,5.55926173004225e-05,0.0,0.0
251,algorithms,1,5.55926173004225e-05,0.0,0.0
531,necessary,1,5.55926173004225e-05,0.0,0.0
532,without,1,5.55926173004225e-05,0.0,0.0
534,renegades,1,5.55926173004225e-05,0.0,0.0
527,signature,1,5.55926173004225e-05,0.0,0.0
238,being,1,5.55926173004225e-05,0.0,0.0
556,blogs,1,5.55926173004225e-05,0.0,0.0
236,philip,1,5.55926173004225e-05,0.0,0.0
577,perpetual,1,5.55926173004225e-05,0.0,0.0
578,natively,1,5.55926173004225e-05,0.0,0.0
227,since,1,5.55926173004225e-05,0.0,0.0
226,balances,1,5.55926173004225e-05,0.0,0.0
583,anyone,1,5.55926173004225e-05,0.0,0.0
224,MINES,1,5.55926173004225e-05,0.0,0.0
576,groups,1,5.55926173004225e-05,0.0,0.0
585,payments,1,5.55926173004225e-05,0.0,0.0
587,line,1,5.55926173004225e-05,0.0,0.0
588,creation,1,5.55926173004225e-05,0.0,0.0
589,Treasury,1,5.55926173004225e-05,0.0,0.0
590,platforms,1,5.55926173004225e-05,0.0,0.0
223,force,1,5.55926173004225e-05,0.0,0.0
592,Research,1,5.55926173004225e-05,0.0,0.0
586,asp4,1,5.55926173004225e-05,0.0,0.0
670,cannot,1,5.55926173004225e-05,0.0,0.0
230,look,1,5.55926173004225e-05,0.0,0.0
573,longer,1,5.55926173004225e-05,0.0,0.0
558,overvalued,1,5.55926173004225e-05,0.0,0.0
560,equal,1,5.55926173004225e-05,0.0,0.0
233,companies,1,5.55926173004225e-05,0.0,0.0
232,calculated,1,5.55926173004225e-05,0.0,0.0
231,given,1,5.55926173004225e-05,0.0,0.0
564,CRETE,1,5.55926173004225e-05,0.0,0.0
574,individuals,1,5.55926173004225e-05,0.0,0.0
565,represent,1,5.55926173004225e-05,0.0,0.0
567,Good,1,5.55926173004225e-05,0.0,0.0
568,accounts,1,5.55926173004225e-05,0.0,0.0
569,encoding,1,5.55926173004225e-05,0.0,0.0
570,unallocated,1,5.55926173004225e-05,0.0,0.0
571,dramatic,1,5.55926173004225e-05,0.0,0.0
572,wrote,1,5.55926173004225e-05,0.0,0.0
566,SECURITY,1,5.55926173004225e-05,0.0,0.0
0,activism,1,5.55926173004225e-05,0.0,0.0
